-- phpMyAdmin SQL Dump
-- version 5.2.0
-- https://www.phpmyadmin.net/
--
-- Host: db
-- Generation Time: Sep 28, 2022 at 04:46 AM
-- Server version: 8.0.30
-- PHP Version: 8.0.19

SET SQL_MODE = "NO_AUTO_VALUE_ON_ZERO";
START TRANSACTION;
SET time_zone = "+00:00";


/*!40101 SET @OLD_CHARACTER_SET_CLIENT=@@CHARACTER_SET_CLIENT */;
/*!40101 SET @OLD_CHARACTER_SET_RESULTS=@@CHARACTER_SET_RESULTS */;
/*!40101 SET @OLD_COLLATION_CONNECTION=@@COLLATION_CONNECTION */;
/*!40101 SET NAMES utf8mb4 */;

--
-- Database: `presensi_epsindo`
--

-- --------------------------------------------------------

--
-- Table structure for table `department`
--

CREATE TABLE `department` (
  `department_id` int NOT NULL,
  `name` varchar(255) NOT NULL
) ENGINE=InnoDB DEFAULT CHARSET=utf8mb4 COLLATE=utf8mb4_0900_ai_ci;

--
-- Dumping data for table `department`
--

INSERT INTO `department` (`department_id`, `name`) VALUES
(0, 'Warehouse'),
(1, 'Other'),
(2, 'Finance & Accounting'),
(3, 'Sales Department'),
(4, 'Service & Support Department'),
(5, 'Marketing'),
(6, 'Product Manager');

-- --------------------------------------------------------

--
-- Table structure for table `leave_table`
--

CREATE TABLE `leave_table` (
  `leave_id` int NOT NULL,
  `participant_id` int NOT NULL,
  `leave_kind` varchar(255) NOT NULL,
  `reason` text NOT NULL,
  `leave_from` date NOT NULL,
  `leave_to` date NOT NULL,
  `status` varchar(255) NOT NULL
) ENGINE=InnoDB DEFAULT CHARSET=utf8mb4 COLLATE=utf8mb4_0900_ai_ci;

--
-- Dumping data for table `leave_table`
--

INSERT INTO `leave_table` (`leave_id`, `participant_id`, `leave_kind`, `reason`, `leave_from`, `leave_to`, `status`) VALUES
(11, 17, 'ANNUAL', 'Acara keluarga', '2022-07-29', '2022-07-29', 'Pending Approval'),
(12, 19, 'ANNUAL', 'Ada urusan keluarga', '2022-07-25', '2022-07-26', 'Approved'),
(13, 8, 'ANNUAL', 'Antar ibu ke poli Mata Katarak', '2022-07-15', '2022-07-15', 'Approved'),
(14, 10, 'ANNUAL', 'Sakit', '2022-07-15', '2022-07-15', 'Pending Approval'),
(15, 6, 'ANNUAL', 'Ada keperluan keluarga', '2022-07-15', '2022-07-18', 'Approved'),
(16, 0, 'Bereavement', 'Keluarga', '2022-07-11', '2022-07-11', 'Approved'),
(17, 13, 'ANNUAL', 'Pulang kampung idul adha', '2022-07-08', '2022-07-08', 'Cancelled'),
(18, 2, 'ANNUAL', 'Ada urusan keluarga', '2022-07-07', '2022-07-07', 'Approved'),
(19, 14, 'ANNUAL', 'Family visit Canada', '2022-06-27', '2022-07-05', 'Approved');

-- --------------------------------------------------------

--
-- Table structure for table `participant`
--

CREATE TABLE `participant` (
  `participant_id` int NOT NULL,
  `name` varchar(255) NOT NULL,
  `department_id` int NOT NULL,
  `email` varchar(255) NOT NULL
) ENGINE=InnoDB DEFAULT CHARSET=utf8mb4 COLLATE=utf8mb4_0900_ai_ci;

--
-- Dumping data for table `participant`
--

INSERT INTO `participant` (`participant_id`, `name`, `department_id`, `email`) VALUES
(0, 'Chris Ariwibowo', 0, 'None'),
(1, 'Mirsan Mirsan', 0, 'None'),
(2, 'Slamat Riadi', 0, 'None'),
(3, 'Sumarno Sumarno', 0, 'None'),
(4, 'Bayu Bayu', 1, 'None'),
(5, 'Yuni Aryani', 2, 'None'),
(6, 'Jumyati Jumyati', 3, 'None'),
(7, 'Ineke Sri Lestari', 2, 'None'),
(8, 'Cahyanto Cahyanto', 4, 'None'),
(9, 'Fachrudin Ali', 5, 'None'),
(10, 'Nuryanti Nuryanti', 2, 'None'),
(11, 'Setia Wayah Gutama', 4, 'None'),
(12, 'harun boerhan', 4, 'None'),
(13, 'Nurahdiatna Subagya', 4, 'None'),
(14, 'Mark Kenny Williams', 3, 'None'),
(15, 'Muh. Agung Fasrulhaq', 4, 'None'),
(16, 'raisul amin', 4, 'None'),
(17, 'Melissa Christina Tuwoh', 3, 'None'),
(18, 'Lina Wirahadi', 6, 'None'),
(19, 'Dwi Septia Ningsih', 0, 'None'),
(20, 'Roby Roby', 1, 'None'),
(21, 'Arrent Ong', 6, 'None');

-- --------------------------------------------------------

--
-- Table structure for table `presensi_table`
--

CREATE TABLE `presensi_table` (
  `id` int NOT NULL,
  `date` date NOT NULL,
  `participant_id` int NOT NULL,
  `status` varchar(255) NOT NULL,
  `firstcheckin` time NOT NULL,
  `lastcheckout` time DEFAULT NULL
) ENGINE=InnoDB DEFAULT CHARSET=utf8mb4 COLLATE=utf8mb4_0900_ai_ci;

--
-- Dumping data for table `presensi_table`
--

INSERT INTO `presensi_table` (`id`, `date`, `participant_id`, `status`, `firstcheckin`, `lastcheckout`) VALUES
(1, '2022-07-26', 0, 'IN', '09:53:00', NULL),
(2, '2022-07-26', 1, 'IN', '09:50:00', NULL),
(4, '2022-07-26', 3, 'IN', '09:22:00', NULL),
(5, '2022-07-26', 4, 'IN', '08:41:00', NULL),
(6, '2022-07-26', 5, 'IN', '09:47:00', NULL),
(7, '2022-07-26', 6, 'IN', '09:36:00', NULL),
(8, '2022-07-26', 7, 'IN', '09:49:00', NULL),
(9, '2022-07-26', 8, 'IN', '09:58:00', NULL),
(10, '2022-07-26', 9, 'IN', '09:23:00', NULL),
(12, '2022-07-26', 11, 'IN', '09:59:00', NULL),
(13, '2022-07-26', 12, 'IN', '09:56:00', NULL),
(14, '2022-07-26', 13, 'IN', '09:58:00', NULL),
(16, '2022-07-26', 15, 'IN', '10:07:00', NULL),
(17, '2022-07-26', 16, 'IN', '09:57:00', NULL),
(20, '2022-07-25', 2, 'Present', '09:08:00', '17:00:00'),
(21, '2022-07-25', 3, 'Present', '09:02:00', '17:03:00'),
(22, '2022-07-25', 4, 'Present', '08:41:00', '17:01:00'),
(26, '2022-07-25', 8, 'Present', '09:43:00', '17:05:00'),
(27, '2022-07-25', 9, 'Present', '09:44:00', '17:06:00'),
(28, '2022-07-25', 10, 'Present', '08:56:00', '17:00:00'),
(29, '2022-07-25', 17, 'Present', '09:55:00', '17:09:00'),
(33, '2022-07-25', 14, 'Present', '10:30:00', '17:08:00'),
(34, '2022-07-25', 15, 'Present', '10:04:00', '17:01:00'),
(35, '2022-07-25', 16, 'Present', '09:59:00', '17:00:00'),
(36, '2022-07-22', 0, 'Present', '09:55:00', '17:00:00'),
(37, '2022-07-22', 1, 'Present', '09:23:00', '17:03:00'),
(38, '2022-07-22', 2, 'Present', '09:04:00', '17:01:00'),
(39, '2022-07-22', 19, 'Present', '09:47:00', '17:01:00'),
(40, '2022-07-22', 3, 'Present', '09:00:00', '17:03:00'),
(41, '2022-07-22', 4, 'Present', '09:03:00', '17:00:00'),
(42, '2022-07-22', 5, 'Present', '09:58:00', '17:00:00'),
(43, '2022-07-22', 6, 'Present', '10:01:00', '17:04:00'),
(44, '2022-07-22', 7, 'Present', '09:43:00', '17:00:00'),
(45, '2022-07-22', 8, 'IN', '10:07:00', NULL),
(46, '2022-07-22', 9, 'Present', '09:37:00', '17:06:00'),
(47, '2022-07-22', 10, 'Present', '09:44:00', '17:00:00'),
(48, '2022-07-22', 17, 'IN', '10:06:00', NULL),
(49, '2022-07-22', 11, 'Present', '09:48:00', '17:02:00'),
(50, '2022-07-22', 12, 'IN', '09:50:00', NULL),
(51, '2022-07-22', 18, 'Present', '17:03:00', '17:03:00'),
(52, '2022-07-22', 13, 'Present', '09:47:00', '17:04:00'),
(53, '2022-07-22', 15, 'Present', '10:05:00', '17:01:00'),
(54, '2022-07-22', 16, 'Present', '09:54:00', '17:00:00'),
(55, '2022-07-21', 0, 'Present', '09:55:00', '17:00:00'),
(56, '2022-07-21', 1, 'Present', '09:14:00', '17:05:00'),
(57, '2022-07-21', 2, 'Present', '09:12:00', '17:00:00'),
(58, '2022-07-21', 19, 'Present', '09:12:00', '17:05:00'),
(59, '2022-07-21', 3, 'Present', '08:53:00', '17:06:00'),
(60, '2022-07-21', 4, 'Present', '08:59:00', '17:00:00'),
(61, '2022-07-21', 5, 'Present', '09:40:00', '17:01:00'),
(62, '2022-07-21', 6, 'Present', '17:03:00', '17:04:00'),
(63, '2022-07-21', 7, 'Present', '09:52:00', '17:00:00'),
(64, '2022-07-21', 8, 'Present', '09:52:00', '17:04:00'),
(65, '2022-07-21', 9, 'Present', '09:40:00', '17:17:00'),
(66, '2022-07-21', 10, 'Present', '09:03:00', '17:01:00'),
(67, '2022-07-21', 17, 'Present', '09:53:00', '17:03:00'),
(68, '2022-07-21', 11, 'Present', '10:18:00', '17:14:00'),
(69, '2022-07-21', 12, 'Present', '09:54:00', '17:02:00'),
(70, '2022-07-21', 18, 'Present', '17:03:00', '17:03:00'),
(71, '2022-07-21', 13, 'Present', '09:52:00', '17:06:00'),
(72, '2022-07-21', 14, 'Present', '10:18:00', '17:23:00'),
(73, '2022-07-21', 15, 'Present', '10:02:00', '17:03:00'),
(74, '2022-07-21', 16, 'Present', '09:55:00', '17:00:00'),
(75, '2022-07-20', 0, 'Present', '09:24:00', '17:00:00'),
(76, '2022-07-20', 1, 'Present', '09:11:00', '17:03:00'),
(77, '2022-07-20', 2, 'Present', '09:12:00', '17:01:00'),
(78, '2022-07-20', 19, 'Present', '09:08:00', '17:01:00'),
(79, '2022-07-20', 3, 'Present', '09:12:00', '17:03:00'),
(80, '2022-07-20', 4, 'IN', '09:08:00', NULL),
(81, '2022-07-20', 5, 'Present', '09:31:00', '17:00:00'),
(82, '2022-07-20', 6, 'Present', '10:04:00', '17:03:00'),
(83, '2022-07-20', 7, 'Present', '09:20:00', '17:00:00'),
(84, '2022-07-20', 8, 'Present', '09:28:00', '17:04:00'),
(85, '2022-07-20', 9, 'Present', '09:29:00', '17:03:00'),
(86, '2022-07-20', 10, 'Present', '08:45:00', '17:00:00'),
(87, '2022-07-20', 12, 'IN', '09:36:00', NULL),
(88, '2022-07-20', 18, 'Present', '17:03:00', '17:03:00'),
(89, '2022-07-20', 13, 'Present', '09:56:00', '17:00:00'),
(90, '2022-07-20', 14, 'Present', '17:09:00', '17:09:00'),
(91, '2022-07-20', 15, 'Present', '09:55:00', '17:00:00'),
(92, '2022-07-20', 16, 'Present', '09:56:00', '17:00:00'),
(93, '2022-07-19', 0, 'Present', '09:50:00', '17:00:00'),
(94, '2022-07-19', 1, 'Present', '09:31:00', '17:02:00'),
(95, '2022-07-19', 2, 'Present', '09:18:00', '17:03:00'),
(96, '2022-07-19', 19, 'Present', '09:06:00', '17:04:00'),
(97, '2022-07-19', 3, 'Present', '09:08:00', '17:03:00'),
(98, '2022-07-19', 4, 'Present', '08:42:00', '17:03:00'),
(99, '2022-07-19', 5, 'Present', '09:35:00', '17:00:00'),
(100, '2022-07-19', 6, 'Present', '10:00:00', '17:00:00'),
(101, '2022-07-19', 7, 'Present', '09:16:00', '17:00:00'),
(102, '2022-07-19', 8, 'Present', '09:54:00', '17:01:00'),
(103, '2022-07-19', 9, 'Present', '09:39:00', '17:06:00'),
(104, '2022-07-19', 10, 'Present', '08:41:00', '17:00:00'),
(105, '2022-07-19', 11, 'Present', '11:04:00', '17:03:00'),
(106, '2022-07-19', 12, 'Present', '09:44:00', '17:01:00'),
(107, '2022-07-19', 18, 'Present', '17:00:00', '17:03:00'),
(108, '2022-07-19', 14, 'IN', '10:13:00', NULL),
(109, '2022-07-19', 15, 'Present', '09:56:00', '17:00:00'),
(110, '2022-07-19', 16, 'Present', '09:57:00', '17:00:00'),
(111, '2022-07-18', 0, 'Present', '09:50:00', '17:06:00'),
(112, '2022-07-18', 1, 'Present', '09:35:00', '17:03:00'),
(113, '2022-07-18', 2, 'Present', '09:44:00', '17:00:00'),
(114, '2022-07-18', 19, 'Present', '09:31:00', '17:01:00'),
(115, '2022-07-18', 3, 'Present', '09:30:00', '17:02:00'),
(116, '2022-07-18', 4, 'Present', '08:51:00', '17:01:00'),
(117, '2022-07-18', 20, 'IN', '09:52:00', NULL),
(118, '2022-07-18', 5, 'Present', '09:35:00', '17:00:00'),
(119, '2022-07-18', 7, 'Present', '09:40:00', '17:00:00'),
(120, '2022-07-18', 8, 'Present', '09:51:00', '17:01:00'),
(121, '2022-07-18', 9, 'Present', '09:35:00', '17:07:00'),
(122, '2022-07-18', 10, 'Present', '09:34:00', '17:01:00'),
(123, '2022-07-18', 17, 'IN', '10:05:00', NULL),
(124, '2022-07-18', 11, 'Present', '09:58:00', '17:02:00'),
(125, '2022-07-18', 21, 'IN', '10:09:00', NULL),
(126, '2022-07-18', 12, 'Present', '09:45:00', '17:01:00'),
(127, '2022-07-18', 18, 'Present', '10:05:00', '17:01:00'),
(128, '2022-07-18', 13, 'Present', '10:00:00', '17:01:00'),
(129, '2022-07-18', 14, 'Present', '10:09:00', '17:08:00'),
(130, '2022-07-18', 15, 'Present', '09:58:00', '17:00:00'),
(131, '2022-07-18', 16, 'Present', '09:56:00', '17:01:00'),
(132, '2022-07-15', 0, 'Present', '09:48:00', '17:38:00'),
(133, '2022-07-15', 1, 'Present', '09:42:00', '17:03:00'),
(134, '2022-07-15', 2, 'Present', '09:18:00', '17:00:00'),
(135, '2022-07-15', 19, 'Present', '09:12:00', '17:01:00'),
(136, '2022-07-15', 3, 'Present', '09:05:00', '17:02:00'),
(137, '2022-07-15', 4, 'Present', '08:19:00', '17:00:00'),
(138, '2022-07-15', 5, 'IN', '10:07:00', '10:07:00'),
(139, '2022-07-15', 7, 'Present', '09:10:00', '17:01:00'),
(140, '2022-07-15', 9, 'Present', '09:48:00', '17:52:00'),
(141, '2022-07-15', 11, 'Present', '10:02:00', '17:00:00'),
(142, '2022-07-15', 12, 'Present', '08:19:00', '17:46:00'),
(143, '2022-07-15', 18, 'Present', '17:02:00', '17:03:00'),
(144, '2022-07-15', 13, 'Present', '09:59:00', '17:00:00'),
(145, '2022-07-15', 14, 'IN', '10:07:00', NULL),
(146, '2022-07-15', 15, 'Present', '09:56:00', '17:00:00'),
(147, '2022-07-15', 16, 'Present', '09:58:00', '17:00:00'),
(148, '2022-07-14', 0, 'Present', '09:38:00', '17:00:00'),
(149, '2022-07-14', 1, 'Present', '09:22:00', '17:03:00'),
(150, '2022-07-14', 2, 'Present', '09:16:00', '17:00:00'),
(151, '2022-07-14', 19, 'Present', '09:14:00', '17:02:00'),
(152, '2022-07-14', 3, 'Present', '09:09:00', '17:03:00'),
(153, '2022-07-14', 4, 'Present', '08:57:00', '17:02:00'),
(154, '2022-07-14', 5, 'Present', '09:56:00', '17:00:00'),
(155, '2022-07-14', 6, 'Present', '10:01:00', '17:03:00'),
(156, '2022-07-14', 7, 'Present', '09:13:00', '17:00:00'),
(157, '2022-07-14', 9, 'Present', '09:34:00', '17:03:00'),
(158, '2022-07-14', 10, 'Present', '09:48:00', '17:00:00'),
(159, '2022-07-14', 11, 'Present', '09:58:00', '17:01:00'),
(160, '2022-07-14', 12, 'IN', '09:45:00', NULL),
(161, '2022-07-14', 18, 'Present', '17:01:00', '17:01:00'),
(162, '2022-07-14', 14, 'Present', '10:16:00', '17:33:00'),
(163, '2022-07-14', 15, 'Present', '10:02:00', '17:00:00'),
(164, '2022-07-14', 16, 'Present', '09:54:00', '17:00:00'),
(165, '2022-07-13', 0, 'Present', '09:56:00', '17:01:00'),
(166, '2022-07-13', 1, 'Present', '09:52:00', '17:05:00'),
(167, '2022-07-13', 2, 'Present', '09:12:00', '17:00:00'),
(168, '2022-07-13', 19, 'Present', '09:11:00', '17:01:00'),
(169, '2022-07-13', 3, 'Present', '08:49:00', '17:07:00'),
(170, '2022-07-13', 4, 'Present', '17:00:00', '17:00:00'),
(171, '2022-07-13', 5, 'Present', '09:54:00', '17:00:00'),
(172, '2022-07-13', 6, 'Present', '10:02:00', '17:03:00'),
(173, '2022-07-13', 7, 'Present', '09:18:00', '17:00:00'),
(174, '2022-07-13', 10, 'Present', '09:46:00', '17:00:00'),
(175, '2022-07-13', 17, 'Present', '10:02:00', '17:03:00'),
(176, '2022-07-13', 11, 'Present', '10:02:00', '17:06:00'),
(177, '2022-07-13', 12, 'Present', '08:15:00', '17:00:00'),
(178, '2022-07-13', 18, 'Present', '17:00:00', '17:00:00'),
(179, '2022-07-13', 14, 'Present', '17:01:00', '17:02:00'),
(180, '2022-07-13', 15, 'Present', '10:05:00', '17:02:00'),
(181, '2022-07-12', 0, 'IN', '09:57:00', NULL),
(182, '2022-07-12', 1, 'Present', '09:17:00', '17:02:00'),
(183, '2022-07-12', 2, 'Present', '09:39:00', '17:00:00'),
(184, '2022-07-12', 19, 'Present', '09:38:00', '17:02:00'),
(185, '2022-07-12', 3, 'Present', '09:13:00', '17:07:00'),
(186, '2022-07-12', 4, 'Present', '08:22:00', '17:00:00'),
(187, '2022-07-12', 5, 'Present', '08:57:00', '17:00:00'),
(188, '2022-07-12', 6, 'Present', '09:55:00', '17:08:00'),
(189, '2022-07-12', 7, 'Present', '09:17:00', '17:00:00'),
(190, '2022-07-12', 9, 'Present', '09:23:00', '17:07:00'),
(191, '2022-07-12', 10, 'Present', '09:42:00', '17:00:00'),
(192, '2022-07-12', 17, 'IN', '10:07:00', NULL),
(193, '2022-07-12', 12, 'Present', '08:45:00', '17:01:00'),
(194, '2022-07-12', 18, 'Present', '17:00:00', '17:01:00'),
(195, '2022-07-12', 14, 'Present', '10:09:00', '17:09:00'),
(196, '2022-07-12', 15, 'Present', '09:57:00', '17:00:00'),
(197, '2022-07-12', 16, 'Present', '09:53:00', '17:00:00'),
(198, '2022-07-11', 1, 'Present', '17:02:00', '17:03:00'),
(199, '2022-07-11', 2, 'Present', '09:06:00', '17:00:00'),
(200, '2022-07-11', 19, 'Present', '09:05:00', '17:01:00'),
(201, '2022-07-11', 3, 'Present', '09:08:00', '17:03:00'),
(202, '2022-07-11', 4, 'Present', '09:41:00', '17:00:00'),
(203, '2022-07-11', 5, 'Present', '09:37:00', '17:00:00'),
(204, '2022-07-11', 6, 'Present', '09:58:00', '17:02:00'),
(205, '2022-07-11', 7, 'Present', '09:39:00', '16:58:00'),
(206, '2022-07-11', 8, 'Present', '09:41:00', '17:03:00'),
(207, '2022-07-11', 9, 'Present', '09:30:00', '17:01:00'),
(208, '2022-07-11', 10, 'Present', '08:45:00', '17:00:00'),
(209, '2022-07-11', 17, 'Present', '09:56:00', '17:04:00'),
(210, '2022-07-11', 11, 'Present', '10:02:00', '17:03:00'),
(211, '2022-07-11', 12, 'Present', '09:30:00', '17:00:00'),
(212, '2022-07-11', 18, 'Present', '16:59:00', '17:00:00'),
(213, '2022-07-11', 13, 'IN', '09:15:00', NULL),
(214, '2022-07-11', 14, 'IN', '10:04:00', NULL),
(215, '2022-07-11', 15, 'Present', '09:54:00', '17:03:00'),
(216, '2022-07-11', 16, 'Present', '09:52:00', '17:01:00'),
(217, '2022-07-08', 0, 'Present', '09:32:00', '17:00:00'),
(218, '2022-07-08', 1, 'Present', '09:22:00', '17:04:00'),
(219, '2022-07-08', 2, 'Present', '09:08:00', '17:00:00'),
(220, '2022-07-08', 19, 'Present', '09:07:00', '17:02:00'),
(221, '2022-07-08', 3, 'IN', '09:08:00', NULL),
(222, '2022-07-08', 4, 'Present', '08:05:00', '17:00:00'),
(223, '2022-07-08', 5, 'Present', '09:39:00', '17:00:00'),
(224, '2022-07-08', 6, 'Present', '10:27:00', '17:01:00'),
(225, '2022-07-08', 7, 'Present', '08:15:00', '17:00:00'),
(226, '2022-07-08', 8, 'Present', '09:34:00', '17:00:00'),
(227, '2022-07-08', 9, 'Present', '11:24:00', '17:01:00'),
(228, '2022-07-08', 10, 'Present', '09:45:00', '17:00:00'),
(229, '2022-07-08', 11, 'Present', '09:57:00', '17:02:00'),
(230, '2022-07-08', 12, 'Present', '08:35:00', '17:00:00'),
(231, '2022-07-08', 18, 'Present', '09:20:00', '17:01:00'),
(232, '2022-07-08', 13, 'Present', '09:57:00', '17:00:00'),
(233, '2022-07-08', 15, 'Present', '10:08:00', '17:01:00'),
(234, '2022-07-08', 16, 'Present', '09:59:00', '17:00:00'),
(235, '2022-07-07', 0, 'Present', '09:48:00', '17:00:00'),
(236, '2022-07-07', 1, 'Present', '09:51:00', '17:02:00'),
(237, '2022-07-07', 19, 'Present', '09:39:00', '17:02:00'),
(238, '2022-07-07', 3, 'Present', '09:03:00', '17:01:00'),
(239, '2022-07-07', 4, 'Present', '08:27:00', '17:00:00'),
(240, '2022-07-07', 5, 'Present', '09:34:00', '17:00:00'),
(241, '2022-07-07', 6, 'Present', '09:54:00', '17:05:00'),
(242, '2022-07-07', 7, 'Present', '09:11:00', '17:00:00'),
(243, '2022-07-07', 8, 'Present', '09:39:00', '17:00:00'),
(244, '2022-07-07', 10, 'Present', '09:55:00', '17:00:00'),
(245, '2022-07-07', 17, 'Present', '09:57:00', '17:05:00'),
(246, '2022-07-07', 11, 'Present', '09:56:00', '17:02:00'),
(247, '2022-07-07', 18, 'Present', '17:02:00', '17:02:00'),
(248, '2022-07-07', 13, 'IN', '09:50:00', NULL),
(249, '2022-07-07', 15, 'Present', '10:04:00', '17:02:00'),
(250, '2022-07-07', 16, 'Present', '09:56:00', '17:01:00'),
(251, '2022-07-06', 0, 'Present', '09:59:00', '17:00:00'),
(252, '2022-07-06', 1, 'Present', '09:21:00', '17:12:00'),
(253, '2022-07-06', 2, 'Present', '09:17:00', '17:03:00'),
(254, '2022-07-06', 19, 'Present', '09:38:00', '17:11:00'),
(255, '2022-07-06', 3, 'Present', '08:52:00', '17:51:00'),
(256, '2022-07-06', 4, 'Present', '08:46:00', '17:00:00'),
(257, '2022-07-06', 5, 'Present', '09:13:00', '17:00:00'),
(258, '2022-07-06', 6, 'Present', '09:58:00', '17:03:00'),
(259, '2022-07-06', 7, 'Present', '08:41:00', '17:00:00'),
(260, '2022-07-06', 8, 'IN', '09:30:00', NULL),
(261, '2022-07-06', 10, 'Present', '09:50:00', '17:00:00'),
(262, '2022-07-06', 17, 'Present', '09:57:00', '17:37:00'),
(263, '2022-07-06', 11, 'Present', '09:54:00', '17:51:00'),
(264, '2022-07-06', 12, 'IN', '10:02:00', NULL),
(265, '2022-07-06', 18, 'Present', '17:07:00', '17:08:00'),
(266, '2022-07-06', 13, 'IN', '09:55:00', NULL),
(267, '2022-07-06', 15, 'Present', '09:48:00', '17:02:00'),
(268, '2022-07-06', 16, 'IN', '09:55:00', NULL),
(269, '2022-07-05', 0, 'Present', '10:12:00', '17:05:00'),
(270, '2022-07-05', 1, 'Present', '09:12:00', '17:04:00'),
(271, '2022-07-05', 2, 'Present', '09:06:00', '17:02:00'),
(272, '2022-07-05', 19, 'Present', '09:06:00', '17:04:00'),
(273, '2022-07-05', 3, 'Present', '08:45:00', '17:02:00'),
(274, '2022-07-05', 4, 'Present', '09:05:00', '17:02:00'),
(275, '2022-07-05', 5, 'Present', '09:28:00', '17:02:00'),
(276, '2022-07-05', 6, 'Present', '09:56:00', '17:00:00'),
(277, '2022-07-05', 7, 'Present', '09:11:00', '17:01:00'),
(278, '2022-07-05', 8, 'Present', '09:31:00', '17:01:00'),
(279, '2022-07-05', 10, 'Present', '09:46:00', '17:01:00'),
(280, '2022-07-05', 17, 'Present', '09:59:00', '17:07:00'),
(281, '2022-07-05', 11, 'Present', '10:00:00', '17:03:00'),
(282, '2022-07-05', 12, 'Present', '09:49:00', '17:02:00'),
(283, '2022-07-05', 18, 'Present', '17:00:00', '17:00:00'),
(284, '2022-07-05', 15, 'Present', '09:51:00', '17:03:00'),
(285, '2022-07-05', 16, 'Present', '09:58:00', '17:01:00'),
(286, '2022-07-04', 0, 'Present', '17:07:00', '17:07:00'),
(287, '2022-07-04', 1, 'Present', '08:49:00', '17:01:00'),
(288, '2022-07-04', 2, 'Present', '09:33:00', '17:00:00'),
(289, '2022-07-04', 19, 'Present', '09:33:00', '17:01:00'),
(290, '2022-07-04', 3, 'Present', '09:45:00', '17:01:00'),
(291, '2022-07-04', 4, 'Present', '09:17:00', '17:01:00'),
(292, '2022-07-04', 5, 'Present', '09:28:00', '17:00:00'),
(293, '2022-07-04', 6, 'Present', '10:26:00', '17:01:00'),
(294, '2022-07-04', 7, 'Present', '09:15:00', '17:00:00'),
(295, '2022-07-04', 8, 'Present', '09:28:00', '17:05:00'),
(296, '2022-07-04', 10, 'Present', '09:46:00', '17:00:00'),
(297, '2022-07-04', 17, 'Present', '10:01:00', '17:06:00'),
(298, '2022-07-04', 11, 'Present', '09:55:00', '17:02:00'),
(299, '2022-07-04', 18, 'Present', '17:00:00', '17:00:00'),
(300, '2022-07-04', 13, 'Present', '09:54:00', '17:01:00'),
(301, '2022-07-04', 15, 'IN', '09:53:00', NULL),
(302, '2022-07-04', 16, 'Present', '09:58:00', '17:03:00'),
(303, '2022-07-01', 0, 'Present', '09:56:00', '17:00:00'),
(304, '2022-07-01', 1, 'Present', '08:59:00', '17:03:00'),
(305, '2022-07-01', 2, 'Present', '09:27:00', '17:01:00'),
(306, '2022-07-01', 19, 'Present', '09:28:00', '17:03:00'),
(307, '2022-07-01', 3, 'Present', '09:07:00', '17:03:00'),
(308, '2022-07-01', 4, 'Present', '08:59:00', '17:03:00'),
(309, '2022-07-01', 20, 'Present', '09:48:00', '17:02:00'),
(310, '2022-07-01', 5, 'Present', '09:22:00', '17:02:00'),
(311, '2022-07-01', 6, 'Present', '10:24:00', '17:09:00'),
(312, '2022-07-01', 7, 'Present', '08:12:00', '17:00:00'),
(313, '2022-07-01', 8, 'Present', '09:46:00', '17:00:00'),
(314, '2022-07-01', 9, 'Present', '17:09:00', '17:09:00'),
(315, '2022-07-01', 10, 'Present', '09:40:00', '17:01:00'),
(316, '2022-07-01', 17, 'Present', '10:02:00', '17:07:00'),
(317, '2022-07-01', 11, 'Present', '10:05:00', '17:03:00'),
(318, '2022-07-01', 18, 'Present', '10:01:00', '17:02:00'),
(319, '2022-07-01', 13, 'Present', '09:56:00', '17:02:00'),
(320, '2022-07-01', 15, 'Present', '09:59:00', '17:05:00'),
(321, '2022-07-01', 16, 'Present', '09:53:00', '17:01:00'),
(322, '2022-07-26', 2, 'IN', '09:22:00', NULL),
(323, '2022-07-26', 10, 'IN', '09:48:00', NULL),
(324, '2022-07-26', 14, 'IN', '10:13:00', NULL),
(325, '2022-07-25', 0, 'Present', '09:53:00', '17:00:00'),
(326, '2022-07-25', 1, 'Present', '08:56:00', '17:00:00'),
(327, '2022-07-25', 5, 'Present', '17:00:00', '17:00:00'),
(328, '2022-07-25', 6, 'Present', '09:36:00', '17:06:00'),
(329, '2022-07-25', 7, 'Present', '09:50:00', '17:00:00'),
(330, '2022-07-25', 11, 'Present', '17:05:00', '17:05:00'),
(331, '2022-07-25', 18, 'Present', '17:02:00', '17:02:00'),
(332, '2022-07-25', 13, 'Present', '09:49:00', '17:05:00'),
(333, '2022-08-19', 0, 'IN', '09:52:00', NULL),
(334, '2022-08-19', 1, 'IN', '09:45:00', NULL),
(335, '2022-08-19', 2, 'IN', '09:15:00', NULL),
(336, '2022-08-19', 19, 'IN', '09:14:00', NULL),
(337, '2022-08-19', 3, 'IN', '09:14:00', NULL),
(338, '2022-08-19', 5, 'IN', '09:52:00', NULL),
(339, '2022-08-19', 7, 'IN', '09:16:00', NULL),
(340, '2022-08-19', 8, 'IN', '09:31:00', NULL),
(341, '2022-08-19', 9, 'IN', '09:50:00', NULL),
(342, '2022-08-19', 10, 'IN', '09:43:00', NULL),
(343, '2022-08-19', 17, 'IN', '10:14:00', NULL),
(344, '2022-08-19', 11, 'IN', '09:51:00', NULL),
(345, '2022-08-19', 12, 'IN', '08:35:00', NULL),
(346, '2022-08-19', 18, 'IN', '10:14:00', NULL),
(347, '2022-08-19', 13, 'IN', '10:14:00', NULL),
(348, '2022-08-19', 14, 'IN', '10:18:00', NULL),
(349, '2022-08-19', 15, 'IN', '09:52:00', NULL),
(350, '2022-08-19', 16, 'IN', '09:57:00', NULL),
(351, '2022-08-18', 0, 'Present', '09:58:00', '17:00:00'),
(352, '2022-08-18', 1, 'Present', '09:08:00', '17:02:00'),
(353, '2022-08-18', 2, 'Present', '09:20:00', '17:01:00'),
(354, '2022-08-18', 19, 'Present', '09:18:00', '17:00:00'),
(355, '2022-08-18', 3, 'Present', '09:20:00', '17:04:00'),
(356, '2022-08-18', 4, 'Present', '08:34:00', '17:00:00'),
(357, '2022-08-18', 5, 'Present', '09:55:00', '17:00:00'),
(358, '2022-08-18', 7, 'Present', '09:10:00', '17:00:00'),
(359, '2022-08-18', 8, 'Present', '09:30:00', '17:01:00'),
(360, '2022-08-18', 9, 'Present', '10:12:00', '17:09:00'),
(361, '2022-08-18', 10, 'Present', '08:47:00', '17:00:00'),
(362, '2022-08-18', 17, 'IN', '09:58:00', NULL),
(363, '2022-08-18', 11, 'Present', '10:13:00', '17:00:00'),
(364, '2022-08-18', 12, 'IN', '09:09:00', NULL),
(365, '2022-08-18', 18, 'Present', '10:04:00', '17:04:00'),
(366, '2022-08-18', 13, 'Present', '09:56:00', '17:00:00'),
(367, '2022-08-18', 14, 'Present', '10:14:00', '17:09:00'),
(368, '2022-08-18', 16, 'Present', '09:59:00', '17:00:00'),
(369, '2022-08-16', 0, 'Present', '17:01:00', '17:01:00'),
(370, '2022-08-16', 1, 'Present', '09:48:00', '17:01:00'),
(371, '2022-08-16', 2, 'Present', '09:17:00', '17:00:00'),
(372, '2022-08-16', 19, 'Present', '09:24:00', '17:00:00'),
(373, '2022-08-16', 3, 'Present', '09:03:00', '17:01:00'),
(374, '2022-08-16', 4, 'Present', '08:40:00', '17:02:00'),
(375, '2022-08-16', 5, 'Present', '09:51:00', '17:00:00'),
(376, '2022-08-16', 7, 'Present', '09:17:00', '17:00:00'),
(377, '2022-08-16', 8, 'Present', '09:11:00', '17:01:00'),
(378, '2022-08-16', 9, 'Present', '11:18:00', '17:19:00'),
(379, '2022-08-16', 10, 'Present', '08:38:00', '17:00:00'),
(380, '2022-08-16', 11, 'IN', '09:44:00', NULL),
(381, '2022-08-16', 12, 'IN', '08:41:00', NULL),
(382, '2022-08-16', 18, 'Present', '10:08:00', '17:09:00'),
(383, '2022-08-16', 13, 'Present', '09:48:00', '17:03:00'),
(384, '2022-08-16', 15, 'Present', '10:03:00', '17:01:00'),
(385, '2022-08-16', 16, 'Present', '09:58:00', '17:01:00'),
(386, '2022-08-15', 0, 'Present', '10:00:00', '17:16:00'),
(387, '2022-08-15', 1, 'Present', '09:08:00', '17:10:00'),
(388, '2022-08-15', 2, 'Present', '09:21:00', '17:00:00'),
(389, '2022-08-15', 19, 'Present', '09:34:00', '17:09:00'),
(390, '2022-08-15', 3, 'Present', '09:23:00', '17:18:00'),
(391, '2022-08-15', 4, 'Present', '08:23:00', '17:03:00'),
(392, '2022-08-15', 5, 'Present', '10:03:00', '17:00:00'),
(393, '2022-08-15', 7, 'Present', '09:16:00', '17:00:00'),
(394, '2022-08-15', 8, 'Present', '09:23:00', '17:50:00'),
(395, '2022-08-15', 9, 'Present', '09:58:00', '17:48:00'),
(396, '2022-08-15', 10, 'Present', '08:51:00', '17:00:00'),
(397, '2022-08-15', 17, 'Present', '17:48:00', '17:48:00'),
(398, '2022-08-15', 11, 'Present', '10:05:00', '17:03:00'),
(399, '2022-08-15', 12, 'IN', '08:58:00', NULL),
(400, '2022-08-15', 18, 'Present', '09:48:00', '17:04:00'),
(401, '2022-08-15', 13, 'Present', '09:58:00', '17:51:00'),
(402, '2022-08-15', 14, 'Present', '10:10:00', '17:18:00'),
(403, '2022-08-15', 15, 'Present', '09:55:00', '17:01:00'),
(404, '2022-08-15', 16, 'Present', '09:58:00', '17:01:00'),
(405, '2022-08-12', 0, 'Present', '17:18:00', '17:18:00'),
(406, '2022-08-12', 1, 'Present', '09:19:00', '17:01:00'),
(407, '2022-08-12', 2, 'Present', '09:34:00', '17:01:00'),
(408, '2022-08-12', 19, 'Present', '09:29:00', '17:03:00'),
(409, '2022-08-12', 3, 'Present', '09:14:00', '17:15:00'),
(410, '2022-08-12', 4, 'Present', '08:56:00', '17:01:00'),
(411, '2022-08-12', 5, 'Present', '09:48:00', '17:00:00'),
(412, '2022-08-12', 6, 'Present', '09:59:00', '17:10:00'),
(413, '2022-08-12', 7, 'Present', '09:48:00', '17:00:00'),
(414, '2022-08-12', 8, 'Present', '09:27:00', '17:00:00'),
(415, '2022-08-12', 9, 'IN', '09:47:00', NULL),
(416, '2022-08-12', 10, 'Present', '08:26:00', '17:00:00'),
(417, '2022-08-12', 18, 'Present', '10:05:00', '17:11:00'),
(418, '2022-08-12', 14, 'Present', '10:13:00', '17:58:00'),
(419, '2022-08-12', 15, 'Present', '09:44:00', '17:01:00'),
(420, '2022-08-12', 16, 'Present', '09:58:00', '17:00:00'),
(421, '2022-08-11', 0, 'Present', '09:47:00', '17:09:00'),
(422, '2022-08-11', 1, 'Present', '09:47:00', '17:03:00'),
(423, '2022-08-11', 2, 'Present', '09:42:00', '17:50:00'),
(424, '2022-08-11', 19, 'Present', '09:37:00', '17:01:00'),
(425, '2022-08-11', 3, 'Present', '09:37:00', '17:04:00'),
(426, '2022-08-11', 4, 'Present', '09:02:00', '17:01:00'),
(427, '2022-08-11', 5, 'Present', '09:40:00', '17:00:00'),
(428, '2022-08-11', 6, 'IN', '17:05:00', NULL),
(429, '2022-08-11', 7, 'Present', '09:47:00', '17:00:00'),
(430, '2022-08-11', 8, 'Present', '09:39:00', '17:00:00'),
(431, '2022-08-11', 9, 'Present', '09:49:00', '17:38:00'),
(432, '2022-08-11', 17, 'Present', '09:59:00', '17:38:00'),
(433, '2022-08-11', 11, 'IN', '09:41:00', NULL),
(434, '2022-08-11', 12, 'Present', '09:45:00', '17:01:00'),
(435, '2022-08-11', 18, 'Present', '10:18:00', '17:03:00'),
(436, '2022-08-11', 13, 'Present', '09:54:00', '17:00:00'),
(437, '2022-08-11', 14, 'Present', '10:16:00', '17:38:00'),
(438, '2022-08-11', 15, 'Present', '09:54:00', '17:00:00'),
(439, '2022-08-11', 16, 'Present', '09:57:00', '17:00:00'),
(440, '2022-08-10', 0, 'Present', '09:55:00', '17:00:00'),
(441, '2022-08-10', 1, 'Present', '09:49:00', '17:02:00'),
(442, '2022-08-10', 2, 'Present', '09:08:00', '17:00:00'),
(443, '2022-08-10', 19, 'Present', '09:08:00', '17:01:00'),
(444, '2022-08-10', 3, 'Present', '08:46:00', '17:14:00'),
(445, '2022-08-10', 4, 'Present', '08:51:00', '17:02:00'),
(446, '2022-08-10', 5, 'Present', '09:30:00', '17:00:00'),
(447, '2022-08-10', 6, 'Present', '09:56:00', '17:21:00'),
(448, '2022-08-10', 7, 'Present', '09:48:00', '17:00:00'),
(449, '2022-08-10', 8, 'Present', '09:30:00', '17:00:00'),
(450, '2022-08-10', 9, 'Present', '09:43:00', '17:32:00'),
(451, '2022-08-10', 10, 'Present', '09:13:00', '17:00:00'),
(452, '2022-08-10', 17, 'Present', '17:19:00', '17:19:00'),
(453, '2022-08-10', 11, 'Present', '17:01:00', '17:01:00'),
(454, '2022-08-10', 12, 'Present', '08:54:00', '17:11:00'),
(455, '2022-08-10', 18, 'Present', '09:59:00', '17:02:00'),
(456, '2022-08-10', 13, 'Present', '15:41:00', '17:00:00'),
(457, '2022-08-10', 14, 'IN', '10:18:00', NULL),
(458, '2022-08-10', 15, 'Present', '09:51:00', '17:00:00'),
(459, '2022-08-10', 16, 'Present', '09:57:00', '17:00:00'),
(460, '2022-08-09', 0, 'Present', '09:55:00', '17:00:00'),
(461, '2022-08-09', 1, 'Present', '09:46:00', '17:01:00'),
(462, '2022-08-09', 2, 'Present', '09:37:00', '17:00:00'),
(463, '2022-08-09', 19, 'Present', '09:38:00', '17:00:00'),
(464, '2022-08-09', 3, 'Present', '09:19:00', '17:05:00'),
(465, '2022-08-09', 4, 'Present', '08:13:00', '17:01:00'),
(466, '2022-08-09', 5, 'Present', '09:39:00', '17:02:00'),
(467, '2022-08-09', 6, 'Present', '09:36:00', '17:08:00'),
(468, '2022-08-09', 7, 'Present', '09:46:00', '17:00:00'),
(469, '2022-08-09', 8, 'Present', '09:24:00', '17:00:00'),
(470, '2022-08-09', 9, 'Present', '09:31:00', '17:13:00'),
(471, '2022-08-09', 10, 'Present', '09:54:00', '17:01:00'),
(472, '2022-08-09', 17, 'Present', '10:20:00', '17:09:00'),
(473, '2022-08-09', 11, 'Present', '10:00:00', '17:02:00'),
(474, '2022-08-09', 12, 'Present', '08:26:00', '17:09:00'),
(475, '2022-08-09', 13, 'Present', '09:55:00', '17:00:00'),
(476, '2022-08-09', 15, 'Present', '09:54:00', '17:01:00'),
(477, '2022-08-09', 16, 'Present', '09:57:00', '17:00:00'),
(478, '2022-08-08', 0, 'IN', '09:51:00', NULL),
(479, '2022-08-08', 1, 'Present', '09:09:00', '17:04:00'),
(480, '2022-08-08', 2, 'Present', '09:46:00', '17:00:00'),
(481, '2022-08-08', 19, 'Present', '09:41:00', '17:02:00'),
(482, '2022-08-08', 3, 'Present', '09:52:00', '17:04:00'),
(483, '2022-08-08', 4, 'Present', '08:40:00', '17:01:00'),
(484, '2022-08-08', 5, 'Present', '09:53:00', '17:00:00'),
(485, '2022-08-08', 6, 'Present', '17:06:00', '17:06:00'),
(486, '2022-08-08', 7, 'Present', '09:45:00', '17:00:00'),
(487, '2022-08-08', 8, 'Present', '09:39:00', '17:00:00'),
(488, '2022-08-08', 9, 'Present', '09:41:00', '17:06:00'),
(489, '2022-08-08', 10, 'Present', '09:52:00', '17:00:00'),
(490, '2022-08-08', 17, 'Present', '09:56:00', '17:13:00'),
(491, '2022-08-08', 11, 'Present', '10:19:00', '17:02:00'),
(492, '2022-08-08', 12, 'Present', '08:39:00', '17:06:00'),
(493, '2022-08-08', 18, 'Present', '17:04:00', '17:04:00'),
(494, '2022-08-08', 13, 'Present', '17:00:00', '17:00:00'),
(495, '2022-08-08', 14, 'Present', '09:58:00', '17:13:00'),
(496, '2022-08-08', 15, 'Present', '09:58:00', '17:01:00'),
(497, '2022-08-08', 16, 'Present', '10:42:00', '17:02:00'),
(498, '2022-08-05', 0, 'IN', '09:52:00', NULL),
(499, '2022-08-05', 1, 'Present', '09:16:00', '17:04:00'),
(500, '2022-08-05', 2, 'Present', '09:16:00', '17:00:00'),
(501, '2022-08-05', 19, 'Present', '09:16:00', '17:05:00'),
(502, '2022-08-05', 3, 'Present', '09:04:00', '17:07:00'),
(503, '2022-08-05', 4, 'Present', '09:11:00', '17:05:00'),
(504, '2022-08-05', 5, 'Present', '09:55:00', '17:00:00'),
(505, '2022-08-05', 6, 'IN', '09:56:00', NULL),
(506, '2022-08-05', 8, 'IN', '09:46:00', NULL),
(507, '2022-08-05', 9, 'Present', '09:32:00', '17:09:00'),
(508, '2022-08-05', 10, 'Present', '12:03:00', '17:05:00'),
(509, '2022-08-05', 17, 'Present', '09:56:00', '17:09:00'),
(510, '2022-08-05', 11, 'Present', '10:20:00', '16:18:00'),
(511, '2022-08-05', 18, 'Present', '10:10:00', '17:06:00'),
(512, '2022-08-05', 13, 'IN', '09:56:00', NULL),
(513, '2022-08-05', 14, 'Present', '10:12:00', '17:09:00'),
(514, '2022-08-05', 15, 'Present', '09:57:00', '17:00:00'),
(515, '2022-08-05', 16, 'Present', '09:55:00', '17:00:00'),
(516, '2022-08-04', 0, 'Present', '09:50:00', '17:00:00'),
(517, '2022-08-04', 1, 'Present', '09:39:00', '17:03:00'),
(518, '2022-08-04', 2, 'Present', '09:37:00', '17:00:00'),
(519, '2022-08-04', 19, 'Present', '09:36:00', '17:01:00'),
(520, '2022-08-04', 3, 'Present', '10:04:00', '17:04:00'),
(521, '2022-08-04', 4, 'Present', '08:36:00', '17:00:00'),
(522, '2022-08-04', 5, 'Present', '09:35:00', '17:00:00'),
(523, '2022-08-04', 6, 'Present', '09:57:00', '17:06:00'),
(524, '2022-08-04', 7, 'Present', '09:17:00', '17:01:00'),
(525, '2022-08-04', 8, 'Present', '09:37:00', '17:00:00'),
(526, '2022-08-04', 9, 'Present', '09:31:00', '17:15:00'),
(527, '2022-08-04', 10, 'Present', '09:42:00', '17:00:00'),
(528, '2022-08-04', 17, 'Present', '09:52:00', '17:16:00'),
(529, '2022-08-04', 11, 'Present', '10:03:00', '17:03:00'),
(530, '2022-08-04', 12, 'Present', '08:34:00', '17:15:00'),
(531, '2022-08-04', 18, 'Present', '17:04:00', '17:05:00'),
(532, '2022-08-04', 13, 'Present', '09:56:00', '17:02:00'),
(533, '2022-08-04', 15, 'Present', '09:51:00', '17:01:00'),
(534, '2022-08-04', 16, 'Present', '09:59:00', '17:00:00'),
(535, '2022-08-03', 0, 'Present', '10:01:00', '17:00:00'),
(536, '2022-08-03', 1, 'Present', '09:44:00', '17:03:00'),
(537, '2022-08-03', 2, 'Present', '09:33:00', '17:00:00'),
(538, '2022-08-03', 19, 'Present', '09:34:00', '17:01:00'),
(539, '2022-08-03', 3, 'Present', '09:30:00', '17:09:00'),
(540, '2022-08-03', 4, 'Present', '08:58:00', '17:03:00'),
(541, '2022-08-03', 5, 'Present', '09:42:00', '17:00:00'),
(542, '2022-08-03', 7, 'Present', '09:45:00', '17:00:00'),
(543, '2022-08-03', 8, 'Present', '09:46:00', '17:00:00'),
(544, '2022-08-03', 9, 'Present', '09:34:00', '17:34:00'),
(545, '2022-08-03', 10, 'Present', '09:45:00', '17:00:00'),
(546, '2022-08-03', 17, 'Present', '17:33:00', '17:34:00'),
(547, '2022-08-03', 11, 'Present', '10:12:00', '17:02:00'),
(548, '2022-08-03', 12, 'Present', '09:13:00', '17:02:00'),
(549, '2022-08-03', 18, 'Present', '17:03:00', '17:04:00'),
(550, '2022-08-03', 13, 'Present', '09:59:00', '17:02:00'),
(551, '2022-08-03', 14, 'IN', '10:17:00', NULL),
(552, '2022-08-03', 15, 'Present', '09:56:00', '17:00:00'),
(553, '2022-08-03', 16, 'Present', '09:56:00', '17:00:00'),
(554, '2022-08-02', 0, 'Present', '09:58:00', '17:00:00'),
(555, '2022-08-02', 1, 'Present', '09:14:00', '17:01:00'),
(556, '2022-08-02', 2, 'Present', '09:06:00', '17:00:00'),
(557, '2022-08-02', 19, 'Present', '09:05:00', '17:01:00'),
(558, '2022-08-02', 4, 'Present', '07:58:00', '17:01:00'),
(559, '2022-08-02', 5, 'Present', '09:52:00', '17:00:00'),
(560, '2022-08-02', 6, 'Present', '09:34:00', '17:02:00'),
(561, '2022-08-02', 7, 'Present', '09:47:00', '17:00:00'),
(562, '2022-08-02', 8, 'Present', '09:29:00', '17:01:00'),
(563, '2022-08-02', 9, 'Present', '09:38:00', '17:39:00'),
(564, '2022-08-02', 10, 'Present', '08:52:00', '17:04:00'),
(565, '2022-08-02', 17, 'Present', '10:05:00', '17:40:00'),
(566, '2022-08-02', 11, 'Present', '16:56:00', '17:02:00'),
(567, '2022-08-02', 12, 'IN', '08:59:00', NULL),
(568, '2022-08-02', 18, 'Present', '17:04:00', '17:04:00'),
(569, '2022-08-02', 13, 'Present', '09:52:00', '17:02:00'),
(570, '2022-08-02', 15, 'Present', '09:51:00', '17:00:00'),
(571, '2022-08-02', 16, 'Present', '09:59:00', '17:01:00'),
(572, '2022-08-01', 0, 'Present', '09:57:00', '17:00:00'),
(573, '2022-08-01', 1, 'Present', '08:42:00', '17:02:00'),
(574, '2022-08-01', 2, 'Present', '09:38:00', '17:00:00'),
(575, '2022-08-01', 19, 'Present', '09:42:00', '17:01:00'),
(576, '2022-08-01', 4, 'Present', '08:15:00', '17:02:00'),
(577, '2022-08-01', 5, 'Present', '09:50:00', '17:03:00'),
(578, '2022-08-01', 6, 'Present', '09:31:00', '17:11:00'),
(579, '2022-08-01', 7, 'Present', '09:50:00', '17:10:00'),
(580, '2022-08-01', 8, 'Present', '09:33:00', '17:00:00'),
(581, '2022-08-01', 9, 'Present', '09:48:00', '17:52:00'),
(582, '2022-08-01', 10, 'Present', '10:00:00', '17:13:00'),
(583, '2022-08-01', 17, 'Present', '09:58:00', '17:55:00'),
(584, '2022-08-01', 11, 'Present', '10:42:00', '13:28:00'),
(585, '2022-08-01', 12, 'IN', '08:28:00', NULL),
(586, '2022-08-01', 18, 'Present', '10:07:00', '17:07:00'),
(587, '2022-08-01', 13, 'Present', '09:45:00', '17:01:00'),
(588, '2022-08-01', 14, 'Present', '10:13:00', '17:54:00'),
(589, '2022-08-01', 15, 'Present', '09:51:00', '17:00:00'),
(590, '2022-08-01', 16, 'Present', '09:56:00', '17:00:00');

-- --------------------------------------------------------

--
-- Table structure for table `tabel_libur`
--

CREATE TABLE `tabel_libur` (
  `id` int NOT NULL,
  `date` date NOT NULL,
  `deskripsi` text NOT NULL
) ENGINE=InnoDB DEFAULT CHARSET=utf8mb4 COLLATE=utf8mb4_0900_ai_ci;

--
-- Indexes for dumped tables
--

--
-- Indexes for table `department`
--
ALTER TABLE `department`
  ADD PRIMARY KEY (`department_id`);

--
-- Indexes for table `leave_table`
--
ALTER TABLE `leave_table`
  ADD PRIMARY KEY (`leave_id`),
  ADD KEY `participant_id` (`participant_id`);

--
-- Indexes for table `participant`
--
ALTER TABLE `participant`
  ADD PRIMARY KEY (`participant_id`),
  ADD KEY `department_id` (`department_id`);

--
-- Indexes for table `presensi_table`
--
ALTER TABLE `presensi_table`
  ADD PRIMARY KEY (`id`),
  ADD KEY `participant_id` (`participant_id`);

--
-- Indexes for table `tabel_libur`
--
ALTER TABLE `tabel_libur`
  ADD PRIMARY KEY (`id`);

--
-- AUTO_INCREMENT for dumped tables
--

--
-- AUTO_INCREMENT for table `leave_table`
--
ALTER TABLE `leave_table`
  MODIFY `leave_id` int NOT NULL AUTO_INCREMENT, AUTO_INCREMENT=20;

--
-- AUTO_INCREMENT for table `presensi_table`
--
ALTER TABLE `presensi_table`
  MODIFY `id` int NOT NULL AUTO_INCREMENT, AUTO_INCREMENT=591;

--
-- AUTO_INCREMENT for table `tabel_libur`
--
ALTER TABLE `tabel_libur`
  MODIFY `id` int NOT NULL AUTO_INCREMENT;

--
-- Constraints for dumped tables
--

--
-- Constraints for table `leave_table`
--
ALTER TABLE `leave_table`
  ADD CONSTRAINT `leave_table_ibfk_1` FOREIGN KEY (`participant_id`) REFERENCES `participant` (`participant_id`);

--
-- Constraints for table `participant`
--
ALTER TABLE `participant`
  ADD CONSTRAINT `participant_ibfk_1` FOREIGN KEY (`department_id`) REFERENCES `department` (`department_id`);

--
-- Constraints for table `presensi_table`
--
ALTER TABLE `presensi_table`
  ADD CONSTRAINT `presensi_table_ibfk_1` FOREIGN KEY (`participant_id`) REFERENCES `participant` (`participant_id`);
COMMIT;

/*!40101 SET CHARACTER_SET_CLIENT=@OLD_CHARACTER_SET_CLIENT */;
/*!40101 SET CHARACTER_SET_RESULTS=@OLD_CHARACTER_SET_RESULTS */;
/*!40101 SET COLLATION_CONNECTION=@OLD_COLLATION_CONNECTION */;
